<?xml version="1.0" encoding="UTF-8"?>
<project-private xmlns="http://www.netbeans.org/ns/project-private/1">
    <editor-bookmarks xmlns="http://www.netbeans.org/ns/editor-bookmarks/2" lastBookmarkId="0"/>
    <open-files xmlns="http://www.netbeans.org/ns/projectui-open-files/2">
        <group>
            <file>file:/C:/Users/Jizreel/Documents/NetBeansProjects/Prototipo/src/prototipo/Produto.java</file>
            <file>file:/C:/Users/Jizreel/Documents/NetBeansProjects/Prototipo/src/prototipo/Cadastro.java</file>
            <file>file:/C:/Users/Jizreel/Documents/NetBeansProjects/Prototipo/src/prototipo/Estoque.java</file>
            <file>file:/C:/Users/Jizreel/Documents/NetBeansProjects/Prototipo/src/prototipo/ConexaoMySQL.java</file>
            <file>file:/C:/Users/Jizreel/Documents/NetBeansProjects/Prototipo/src/Dao/ProdutoDao.java</file>
            <file>file:/C:/Users/Jizreel/Documents/NetBeansProjects/Prototipo/src/prototipo/ConnectionFactory.java</file>
            <file>file:/C:/Users/Jizreel/Documents/NetBeansProjects/Prototipo/src/prototipo/TestaConexao.java</file>
        </group>
    </open-files>
</project-private>
